{"text-ada-001_whisper-base_new.txt": {"avg1": 0.31502099831899005, "avg2": 0.42728133996327716, "avg3": 0.4509708086649577, "std": 0.07262452084358806}, "text-babbage-001_whisper-medium.txt": {"avg1": 0.5337182283401489, "avg2": 0.6289688348770142, "avg3": 0.8078068494796753, "std": 0.13915236598229844}, "text-curie-001_whisper-small.txt": {"avg1": 0.6534941593805949, "avg2": 0.7065045436223348, "avg3": 0.6537619829177856, "std": 0.030528539315906367}, "text-ada-001_whisper-medium_new.txt": {"avg1": 0.4368658463160197, "avg2": 0.6086104313532511, "avg3": 0.593055804570516, "std": 0.09498548306934616}, "text-davinci-003_whisper-medium.txt": {"avg1": 1.3841278155644734, "avg2": 1.590416669845581, "avg3": 1.8522436618804932, "std": 0.23460637627411346}, "text-davinci-002_whisper-medium.txt": {"avg1": 1.2492869297663372, "avg2": 0.9945286512374878, "avg3": 1.4706796010335286, "std": 0.23827023256570024}, "text-curie-001_whisper-base.txt": {"avg1": 0.5932848453521729, "avg2": 0.7051870425542196, "avg3": 0.6438132524490356, "std": 0.05603862324960531}, "text-ada-001_whisper-small.txt": {"avg1": 0.4754374821980794, "avg2": 0.48063190778096515, "avg3": 0.45185049374898273, "std": 0.015338936702144387}, "text-curie-001_whisper-tiny.txt": {"avg1": 0.47557246685028076, "avg2": 0.4617697795232137, "avg3": 0.50035293896993, "std": 0.019550132858935733}, "text-babbage-001_whisper-large_new.txt": {"avg1": 0.6601118644078573, "avg2": 0.8449390729268392, "avg3": 0.6860821644465128, "std": 0.10005920819273607}, "text-davinci-002_whisper-large.txt": {"avg1": 1.1820607980092366, "avg2": 1.3008661270141602, "avg3": 1.2993607918421428, "std": 0.06816189158558235}, "text-curie-001_whisper-large.txt": {"avg1": 0.6768432855606079, "avg2": 0.8099323511123657, "avg3": 0.9166621367136637, "std": 0.12015061927452465}, "text-ada-001_whisper-tiny.txt": {"avg1": 0.3466007709503174, "avg2": 0.40095067024230957, "avg3": 0.46317362785339355, "std": 0.05833072228460962}, "text-davinci-002_whisper-small.txt": {"avg1": 0.8982903560002645, "avg2": 1.0431581338246663, "avg3": 1.0233845710754395, "std": 0.0785559561510689}, "text-davinci-003_whisper-tiny.txt": {"avg1": 2.0602252880732217, "avg2": 1.7379546960194905, "avg3": 1.4882020552953084, "std": 0.28677671188837833}, "text-davinci-003_whisper-small.txt": {"avg1": 1.2967371145884197, "avg2": 1.8526777029037476, "avg3": 2.0596536795298257, "std": 0.394535735115487}, "text-ada-001_whisper-large_new.txt": {"avg1": 0.5716956853866577, "avg2": 0.6620314518610636, "avg3": 0.7545835574467977, "std": 0.09144617424069511}, "text-davinci-003_whisper-base.txt": {"avg1": 1.5840698877970378, "avg2": 1.9222187201182048, "avg3": 1.5689571698506672, "std": 0.19973597153130232}, "text-babbage-001_whisper-tiny.txt": {"avg1": 0.5687237580617269, "avg2": 0.5214122533798218, "avg3": 0.5051462650299072, "std": 0.033027913629929684}, "text-davinci-002_whisper-tiny_new.txt": {"avg1": 1.0806725025177002, "avg2": 1.1104555130004883, "avg3": 1.183143973350525, "std": 0.052711545724694185}, "text-babbage-001_whisper-base.txt": {"avg1": 0.40521637598673504, "avg2": 0.38925762971242267, "avg3": 0.36944111188252765, "std": 0.01792226493906493}, "text-davinci-002_whisper-base.txt": {"avg1": 0.74957807858785, "avg2": 0.9853534698486328, "avg3": 0.9699749946594238, "std": 0.13190990185045542}, "text-curie-001_whisper-medium.txt": {"avg1": 0.6319777965545654, "avg2": 0.6818956931432089, "avg3": 0.6834773619969686, "std": 0.029287378729166546}, "text-babbage-001_whisper-small.txt": {"avg1": 0.47317055861155194, "avg2": 0.4725797176361084, "avg3": 0.4640355110168457, "std": 0.005112104171611786}, "text-davinci-003_whisper-large.txt": {"avg1": 1.7777558167775471, "avg2": 2.242199460665385, "avg3": 2.0676509141921997, "std": 0.23459690994297897}}